,atom1_name,atom2_name,interaction_name,autocorrelation
0,9,2,ARG75 A CA : PRO74 A CA,0.9999999999999994
1,20,2,LYS76 A CA : PRO74 A CA,0.9999999999999974
2,20,9,LYS76 A CA : ARG75 A CA,0.9999999999999992
3,25,2,LYS77 A CA : PRO74 A CA,1.0000000000000022
4,25,9,LYS77 A CA : ARG75 A CA,0.9999999999999952
5,25,20,LYS77 A CA : LYS76 A CA,0.9999999999999993
6,34,9,ARG78 A CA : ARG75 A CA,0.9999999999999931
7,34,20,ARG78 A CA : LYS76 A CA,0.9999999999999968
8,34,25,ARG78 A CA : LYS77 A CA,0.7914013529323665
9,39,25,PRO79 A CA : LYS77 A CA,0.8139329054681492
10,39,34,PRO79 A CA : ARG78 A CA,0.8128934818194309
11,46,25,GLU80 A CA : LYS77 A CA,0.6520446203277096
12,46,34,GLU80 A CA : ARG78 A CA,0.7254392294803027
13,46,39,GLU80 A CA : PRO79 A CA,0.8945515734159645
14,55,25,ASP81 A CA : LYS77 A CA,0.7691509792184975
15,55,34,ASP81 A CA : ARG78 A CA,0.7101799103340456
16,55,39,ASP81 A CA : PRO79 A CA,0.6518909376204232
17,55,46,ASP81 A CA : GLU80 A CA,0.8294424170333194
18,63,25,PHE82 A CA : LYS77 A CA,0.8488480965357208
19,63,34,PHE82 A CA : ARG78 A CA,0.6469076290432751
20,63,39,PHE82 A CA : PRO79 A CA,0.792592914851161
21,63,46,PHE82 A CA : GLU80 A CA,0.7934947513135291
22,63,55,PHE82 A CA : ASP81 A CA,0.5823930990222744
23,74,39,LYS83 A CA : PRO79 A CA,0.653521569077191
24,74,46,LYS83 A CA : GLU80 A CA,0.7691329815161705
25,74,55,LYS83 A CA : ASP81 A CA,0.6180641923392778
26,74,63,LYS83 A CA : PHE82 A CA,0.814035876063794
27,83,39,PHE84 A CA : PRO79 A CA,0.7788963595782423
28,83,46,PHE84 A CA : GLU80 A CA,0.8440617609527878
29,83,55,PHE84 A CA : ASP81 A CA,0.5292309093427945
30,83,63,PHE84 A CA : PHE82 A CA,0.7676019316851459
31,83,74,PHE84 A CA : LYS83 A CA,0.910290521028408
32,94,63,GLY85 A CA : PHE82 A CA,1.0
33,94,74,GLY85 A CA : LYS83 A CA,1.0000000000000013
34,94,83,GLY85 A CA : PHE84 A CA,1.0000000000000013
